"Date","Council","Setting","Staffing","Leadership","Play and learning"
"Sep 2019","Aberdeen City","4.382353","4.000000","4.200000","4.200000"
"Sep 2019","Aberdeenshire","4.300000","4.285714","3.928571","3.928571"
"Aug 2022","Aberdeen City","3.666667","3.666667","3.000000","4.000000"
"Aug 2022","Aberdeenshire","4.000000","4.375000","4.125000","4.125000"
"Aug 2022","Angus","4.500000","4.000000","3.500000","4.250000"
"Aug 2022","Argyll & Bute","4.333333","4.666667","4.333333","4.333333"
"Aug 2022","City of Edinburgh","3.250000","3.083333","2.833333","2.916667"
"Aug 2022","Clackmannanshire","5.000000","5.000000","5.000000","5.000000"
"Aug 2022","Dumfries & Galloway","4.555556","4.000000","4.111111","4.333333"
"Aug 2022","Dundee City","3.714286","3.714286","3.142857","3.571429"
"Aug 2022","East Ayrshire","3.800000","4.000000","3.600000","4.000000"
"Aug 2022","East Dunbartonshire","3.000000","4.000000","3.000000","4.000000"
"Aug 2022","East Lothian","4.250000","4.250000","4.250000","4.375000"
"Aug 2022","East Renfrewshire","4.500000","3.333333","3.750000","4.500000"
"Aug 2022","Falkirk","4.000000","4.000000","3.875000","4.125000"
"Aug 2022","Fife","4.157895","4.052632","3.842105","4.157895"
"Aug 2022","Glasgow City","4.250000","4.250000","4.250000","4.250000"
"Aug 2022","Highland","3.928571","4.000000","3.285714","3.714286"
"Aug 2022","Inverclyde","4.333333","4.333333","4.333333","4.333333"
"Aug 2022","Midlothian","3.666667","3.666667","3.333333","3.666667"
"Aug 2022","Moray","4.000000","4.200000","3.800000","4.600000"
"Aug 2022","Na h-Eileanan Siar","4.800000","4.400000","4.400000","4.800000"
"Aug 2022","North Ayrshire","3.833333","3.666667","3.666667","3.833333"
"Aug 2022","North Lanarkshire","4.421053","4.421053","4.315789","4.473684"
"Aug 2022","Orkney Islands","3.800000","3.200000","3.400000","3.600000"
"Aug 2022","Perth & Kinross","3.714286","4.000000","3.571429","4.000000"
"Aug 2022","Renfrewshire","4.000000","4.000000","4.000000","4.000000"
"Aug 2022","Scottish Borders","4.142857","4.000000","3.857143","4.428571"
"Aug 2022","Shetland Islands","4.500000","4.000000","4.000000","3.500000"
"Aug 2022","South Ayrshire","2.000000","2.000000","2.000000","2.000000"
"Aug 2022","South Lanarkshire","3.900000","4.000000","4.100000","3.800000"
"Aug 2022","Stirling","4.500000","4.250000","4.000000","4.250000"
"Aug 2022","West Dunbartonshire","4.000000","4.500000","4.500000","4.500000"
"Aug 2022","West Lothian","4.666667","4.333333","4.000000","4.000000"
"Sep 2022","Aberdeen City","3.800000","3.900000","3.500000","4.166667"
"Sep 2022","Aberdeenshire","3.882353","4.294118","3.705882","3.923077"
"Sep 2022","Angus","4.333333","4.000000","3.500000","3.000000"
"Sep 2022","Argyll & Bute","4.142857","4.142857","4.000000","3.600000"
"Sep 2022","City of Edinburgh","3.450000","3.400000","3.050000","2.400000"
"Sep 2022","Clackmannanshire","4.250000","4.000000","3.750000","4.000000"
"Sep 2022","Dumfries & Galloway","4.500000","4.166667","4.250000","3.666667"
"Sep 2022","Dundee City","3.800000","3.700000","3.100000","3.500000"
"Sep 2022","East Ayrshire","3.857143","3.714286","3.428571","3.500000"
"Sep 2022","East Dunbartonshire","4.000000","4.600000","4.000000","4.333333"
"Sep 2022","East Lothian","4.000000","4.083333","4.083333","4.000000"
"Sep 2022","East Renfrewshire","4.600000","3.750000","4.000000","5.000000"
"Sep 2022","Falkirk","4.111111","4.222222","4.111111","4.000000"
"Sep 2022","Fife","4.147059","4.000000","3.764706","4.083333"
"Sep 2022","Glasgow City","4.111111","4.000000","4.222222","3.666667"
"Sep 2022","Highland","4.040000","4.000000","3.520000","3.533333"
"Sep 2022","Inverclyde","4.250000","4.500000","4.500000","4.333333"
"Sep 2022","Midlothian","3.833333","3.833333","3.833333","3.800000"
"Sep 2022","Moray","4.250000","4.125000","3.875000","4.500000"
"Sep 2022","Na h-Eileanan Siar","4.333333","4.166667","4.166667","4.500000"
"Sep 2022","North Ayrshire","4.090909","3.727273","3.636364","4.000000"
"Sep 2022","North Lanarkshire","4.379310","4.413793","4.241379","4.571429"
"Sep 2022","Orkney Islands","3.500000","3.000000","3.166667","5.000000"
"Sep 2022","Perth & Kinross","4.000000","4.200000","3.700000","4.166667"
"Sep 2022","Renfrewshire","3.666667","3.666667","3.666667","3.000000"
"Sep 2022","Scottish Borders","3.846154","3.769231","3.769231","3.833333"
"Sep 2022","Shetland Islands","4.666667","4.333333","4.000000","3.500000"
"Sep 2022","South Ayrshire","3.714286","4.000000","3.857143","2.500000"
"Sep 2022","South Lanarkshire","4.050000","3.900000","3.950000","4.000000"
"Sep 2022","Stirling","4.142857","4.285714","3.571429","4.250000"
"Sep 2022","West Dunbartonshire","4.400000","4.800000","4.800000","4.500000"
"Sep 2022","West Lothian","4.200000","3.800000","3.400000","3.333333"
"Oct 2022","Aberdeen City","3.500000","3.375000","3.187500","3.600000"
"Oct 2022","Aberdeenshire","3.888889","4.037037","3.629630","3.933333"
"Oct 2022","Angus","4.181818","3.909091","3.454545","3.750000"
"Oct 2022","Argyll & Bute","4.181818","4.272727","4.090909","3.600000"
"Oct 2022","City of Edinburgh","3.400000","3.366667","3.066667","2.687500"
"Oct 2022","Clackmannanshire","4.285714","4.142857","3.857143","4.000000"
"Oct 2022","Dumfries & Galloway","4.533333","4.266667","4.333333","4.000000"
"Oct 2022","Dundee City","3.928571","3.857143","3.357143","3.500000"
"Oct 2022","East Ayrshire","3.933333","3.933333","3.733333","3.500000"
"Oct 2022","East Dunbartonshire","3.888889","4.333333","3.888889","4.000000"
"Oct 2022","East Lothian","3.933333","4.000000","4.000000","3.857143"
"Oct 2022","East Renfrewshire","4.600000","3.750000","3.800000","5.000000"
"Oct 2022","Edinburgh",NA,NA,NA,NA
"Oct 2022","Falkirk","4.190476","4.238095","4.047619","4.000000"
"Oct 2022","Fife","4.220000","4.120000","3.860000","4.200000"
"Oct 2022","Glasgow City","3.900000","3.650000","3.850000","3.562500"
"Oct 2022","Highland","4.117647","4.147059","3.794118","3.772727"
"Oct 2022","Inverclyde","4.250000","4.500000","4.500000","4.333333"
"Oct 2022","Midlothian","3.875000","3.875000","3.875000","3.833333"
"Oct 2022","Moray","4.133333","4.066667","3.800000","4.000000"
"Oct 2022","Na h-Eileanan Siar","4.375000","4.125000","4.000000","4.500000"
"Oct 2022","North Ayrshire","4.142857","3.785714","3.785714","4.333333"
"Oct 2022","North Lanarkshire","4.405405","4.432432","4.216216","4.400000"
"Oct 2022","Orkney Islands","3.500000","3.000000","3.166667","5.000000"
"Oct 2022","Perth & Kinross","4.090909","4.181818","3.727273","4.142857"
"Oct 2022","Renfrewshire","4.000000","4.000000","4.000000","4.250000"
"Oct 2022","Scottish Borders","3.875000","3.875000","3.812500","3.833333"
"Oct 2022","Shetland Islands","4.666667","4.333333","4.000000","3.500000"
"Oct 2022","South Ayrshire","3.700000","3.800000","3.600000","2.666667"
"Oct 2022","South Lanarkshire","4.035714","3.964286","4.000000","4.000000"
"Oct 2022","Stirling","4.111111","4.333333","3.777778","4.166667"
"Oct 2022","West Dunbartonshire","4.428571","4.857143","4.857143","4.666667"
"Oct 2022","West Lothian","3.888889","3.722222","3.500000","3.333333"
"Nov 2022","Aberdeen City","4.454918","4.369863","4.289796","4.463115"
"Nov 2022","Aberdeenshire","4.472222","4.387931","4.269142","4.504630"
"Nov 2022","Angus","4.640884","4.649123","4.458564","4.674033"
"Nov 2022","Argyll & Bute","4.453125","4.426966","4.429688","4.578125"
"Nov 2022","City of Edinburgh","4.506446","4.410468","4.349177","4.473297"
"Nov 2022","Clackmannanshire","4.789474","4.357143","4.438596","4.719298"
"Nov 2022","Dumfries & Galloway","4.500000","4.558824","4.432432","4.587838"
"Nov 2022","Dundee City","4.532164","4.420000","4.333333","4.596491"
"Nov 2022","East Ayrshire","4.527273","4.305882","4.409639","4.648485"
"Nov 2022","East Dunbartonshire","4.701863","4.600000","4.571429","4.795031"
"Nov 2022","East Lothian","4.401274","4.191489","4.278481","4.375796"
"Nov 2022","East Renfrewshire","4.785714","4.573529","4.517730","4.778571"
"Nov 2022","Falkirk","4.586957","4.434426","4.382609","4.647826"
"Nov 2022","Fife","4.627530","4.571906","4.408907","4.674089"
"Nov 2022","Glasgow City","4.520642","4.559524","4.463303","4.646789"
"Nov 2022","Highland","4.495890","4.454148","4.383562","4.610959"
"Nov 2022","Inverclyde","4.661972","4.631579","4.549296","4.704225"
"Nov 2022","Midlothian","4.550388","4.482759","4.457364","4.565891"
"Nov 2022","Moray","4.492958","4.390244","4.246479","4.549296"
"Nov 2022","Na h-Eileanan Siar","4.628571","4.518519","4.428571","4.657143"
"Nov 2022","North Ayrshire","4.533333","4.351648","4.394872","4.697436"
"Nov 2022","North Lanarkshire","4.592405","4.548387","4.460759","4.640506"
"Nov 2022","Orkney Islands","4.463415","4.461538","4.309524","4.585366"
"Nov 2022","Perth & Kinross","4.595238","4.623932","4.414286","4.647619"
"Nov 2022","Renfrewshire","4.537037","4.385321","4.376543","4.537037"
"Nov 2022","Scottish Borders","4.543624","4.490385","4.449664","4.536913"
"Nov 2022","Shetland Islands","4.628571","4.724138","4.457143","4.714286"
"Nov 2022","South Ayrshire","4.568000","4.511905","4.472000","4.648000"
"Nov 2022","South Lanarkshire","4.576177","4.349515","4.379501","4.567867"
"Nov 2022","Stirling","4.781955","4.761905","4.526316","4.812030"
"Nov 2022","West Dunbartonshire","4.443038","4.444444","4.387500","4.518987"
"Nov 2022","West Lothian","4.580645","4.444444","4.326165","4.605735"
"Dec 2022","Aberdeen City","4.452675","4.356164","4.286885","4.460905"
"Dec 2022","Aberdeenshire","4.480278","4.393162","4.269767","4.508121"
"Dec 2022","Angus","4.662921","4.690265","4.466292","4.696629"
"Dec 2022","Argyll & Bute","4.425197","4.393258","4.409449","4.551181"
"Dec 2022","City of Edinburgh","4.509225","4.415301","4.358974","4.479705"
"Dec 2022","Clackmannanshire","4.789474","4.321429","4.421053","4.719298"
"Dec 2022","Dumfries & Galloway","4.503401","4.558824","4.428571","4.591837"
"Dec 2022","Dundee City","4.541176","4.380952","4.329412","4.600000"
"Dec 2022","East Ayrshire","4.521212","4.290698","4.415663","4.642424"
"Dec 2022","East Dunbartonshire","4.701863","4.567901","4.565217","4.801242"
"Dec 2022","East Lothian","4.403846","4.191489","4.280255","4.384615"
"Dec 2022","East Renfrewshire","4.785714","4.573529","4.517730","4.778571"
"Dec 2022","Falkirk","4.583333","4.414634","4.377193","4.653509"
"Dec 2022","Fife","4.616327","4.546053","4.400000","4.665306"
"Dec 2022","Glasgow City","4.529954","4.556548","4.474654","4.656682"
"Dec 2022","Highland","4.478022","4.432900","4.362637","4.596154"
"Dec 2022","Inverclyde","4.661972","4.631579","4.549296","4.704225"
"Dec 2022","Midlothian","4.550388","4.505747","4.472868","4.581395"
"Dec 2022","Moray","4.485915","4.385542","4.246479","4.535211"
"Dec 2022","Na h-Eileanan Siar","4.628571","4.518519","4.428571","4.657143"
"Dec 2022","North Ayrshire","4.533679","4.347826","4.388601","4.694301"
"Dec 2022","North Lanarkshire","4.586735","4.529954","4.454082","4.637755"
"Dec 2022","Orkney Islands","4.439024","4.346154","4.285714","4.560976"
"Dec 2022","Perth & Kinross","4.596154","4.623932","4.413462","4.649038"
"Dec 2022","Renfrewshire","4.515528","4.360360","4.347826","4.527950"
"Dec 2022","Scottish Borders","4.544218","4.504762","4.448980","4.551020"
"Dec 2022","Shetland Islands","4.628571","4.724138","4.457143","4.714286"
"Dec 2022","South Ayrshire","4.569106","4.506024","4.463415","4.634146"
"Dec 2022","South Lanarkshire","4.561111","4.347619","4.366667","4.558333"
"Dec 2022","Stirling","4.795455","4.765625","4.530303","4.833333"
"Dec 2022","West Dunbartonshire","4.443038","4.444444","4.387500","4.518987"
"Dec 2022","West Lothian","4.578182","4.410072","4.334545","4.607273"
"Jan 2023","Aberdeen City","4.427386","4.335616","4.268595","4.443983"
"Jan 2023","Aberdeenshire","4.471963","4.381743","4.264637","4.490654"
"Jan 2023","Angus","4.644068","4.663793","4.451977","4.661017"
"Jan 2023","Argyll & Bute","4.401575","4.370787","4.385827","4.527559"
"Jan 2023","City of Edinburgh","4.502793","4.406593","4.341959","4.480447"
"Jan 2023","Clackmannanshire","4.785714","4.285714","4.428571","4.714286"
"Jan 2023","Dumfries & Galloway","4.482993","4.519231","4.401361","4.564626"
"Jan 2023","Dundee City","4.541176","4.386792","4.335294","4.611765"
"Jan 2023","East Ayrshire","4.530864","4.290698","4.417178","4.654321"
"Jan 2023","East Dunbartonshire","4.701863","4.555556","4.565217","4.801242"
"Jan 2023","East Lothian","4.410256","4.197917","4.280255","4.378205"
"Jan 2023","East Renfrewshire","4.785714","4.573529","4.517730","4.778571"
"Jan 2023","Falkirk","4.575221","4.396825","4.371681","4.646018"
"Jan 2023","Fife","4.608163","4.537217","4.395918","4.653061"
"Jan 2023","Glasgow City","4.529817","4.553254","4.470183","4.655963"
"Jan 2023","Highland","4.472376","4.435345","4.359116","4.580110"
"Jan 2023","Inverclyde","4.676056","4.641026","4.563380","4.676056"
"Jan 2023","Midlothian","4.550388","4.505747","4.472868","4.581395"
"Jan 2023","Moray","4.475177","4.404762","4.255319","4.517730"
"Jan 2023","Na h-Eileanan Siar","4.628571","4.518519","4.428571","4.657143"
"Jan 2023","North Ayrshire","4.549223","4.376344","4.404145","4.704663"
"Jan 2023","North Lanarkshire","4.584184","4.527027","4.454082","4.637755"
"Jan 2023","Orkney Islands","4.461538","4.440000","4.350000","4.615385"
"Jan 2023","Perth & Kinross","4.600000","4.630252","4.409524","4.642857"
"Jan 2023","Renfrewshire","4.496894","4.342105","4.341615","4.509317"
"Jan 2023","Scottish Borders","4.540541","4.481132","4.445946","4.533784"
"Jan 2023","Shetland Islands","4.628571","4.724138","4.457143","4.714286"
"Jan 2023","South Ayrshire","4.556452","4.482353","4.459677","4.620968"
"Jan 2023","South Lanarkshire","4.550279","4.361111","4.371508","4.550279"
"Jan 2023","Stirling","4.795455","4.757576","4.537879","4.825758"
"Jan 2023","West Dunbartonshire","4.455696","4.481481","4.412500","4.544304"
"Jan 2023","West Lothian","4.580292","4.408451","4.343066","4.605839"
"Feb 2023","Aberdeen City","4.428571","4.358621","4.271967","4.445378"
"Feb 2023","Aberdeenshire","4.476526","4.378049","4.254118","4.485915"
"Feb 2023","Angus","4.630682","4.626087","4.431818","4.636364"
"Feb 2023","Argyll & Bute","4.396825","4.359551","4.373016","4.523810"
"Feb 2023","City of Edinburgh","4.494340","4.386111","4.335206","4.475472"
"Feb 2023","Clackmannanshire","4.785714","4.241379","4.410714","4.696429"
"Feb 2023","Dumfries & Galloway","4.482993","4.519231","4.401361","4.564626"
"Feb 2023","Dundee City","4.547619","4.405660","4.339286","4.619048"
"Feb 2023","East Ayrshire","4.512346","4.269663","4.398773","4.623457"
"Feb 2023","East Dunbartonshire","4.710692","4.560976","4.572327","4.811321"
"Feb 2023","East Lothian","4.412903","4.183673","4.282051","4.374194"
"Feb 2023","East Renfrewshire","4.798561","4.602941","4.535714","4.791367"
"Feb 2023","Edinburgh",NA,NA,NA,NA
"Feb 2023","Falkirk","4.575893","4.385827","4.361607","4.629464"
"Feb 2023","Fife","4.593878","4.520635","4.381633","4.642857"
"Feb 2023","Glasgow City","4.536697","4.562130","4.474771","4.655963"
"Feb 2023","Highland","4.476323","4.445887","4.367688","4.576602"
"Feb 2023","Inverclyde","4.676056","4.641026","4.563380","4.676056"
"Feb 2023","Midlothian","4.527132","4.477273","4.449612","4.558140"
"Feb 2023","Moray","4.475177","4.404762","4.255319","4.517730"
"Feb 2023","Na h-Eileanan Siar","4.657143","4.518519","4.428571","4.657143"
"Feb 2023","North Ayrshire","4.565445","4.413043","4.424084","4.727749"
"Feb 2023","North Lanarkshire","4.580977","4.531532","4.449871","4.632391"
"Feb 2023","Orkney Islands","4.461538","4.440000","4.350000","4.615385"
"Feb 2023","Perth & Kinross","4.598086","4.630252","4.411483","4.641148"
"Feb 2023","Renfrewshire","4.496894","4.342105","4.341615","4.509317"
"Feb 2023","Scottish Borders","4.540541","4.471698","4.439189","4.527027"
"Feb 2023","Shetland Islands","4.628571","4.724138","4.457143","4.714286"
"Feb 2023","South Ayrshire","4.532258","4.453488","4.443548","4.580645"
"Feb 2023","South Lanarkshire","4.558989","4.348624","4.373596","4.544944"
"Feb 2023","Stirling","4.800000","4.750000","4.538462","4.830769"
"Feb 2023","West Dunbartonshire","4.448718","4.500000","4.417722","4.551282"
"Feb 2023","West Lothian","4.575092","4.409722","4.333333","4.597070"
"Mar 2023","Aberdeen City","4.421941","4.324324","4.260504","4.430380"
"Mar 2023","Aberdeenshire","4.483568","4.396000","4.249412","4.483568"
"Mar 2023","Angus","4.590909","4.551724","4.380682","4.573864"
"Mar 2023","Argyll & Bute","4.416000","4.348315","4.384000","4.528000"
"Mar 2023","City of Edinburgh","4.491461","4.384401","4.333333","4.472486"
"Mar 2023","Clackmannanshire","4.763636","4.233333","4.400000","4.672727"
"Mar 2023","Dumfries & Galloway","4.489933","4.518868","4.395973","4.570470"
"Mar 2023","Dundee City","4.530120","4.405660","4.325301","4.602410"
"Mar 2023","East Ayrshire","4.527950","4.300000","4.401235","4.639752"
"Mar 2023","East Dunbartonshire","4.683871","4.555556","4.529032","4.793548"
"Mar 2023","East Lothian","4.412903","4.193878","4.288462","4.367742"
"Mar 2023","East Renfrewshire","4.800000","4.608696","4.539007","4.792857"
"Mar 2023","Falkirk","4.563063","4.364341","4.355856","4.626126"
"Mar 2023","Fife","4.589322","4.509434","4.367556","4.630390"
"Mar 2023","Glasgow City","4.529817","4.547059","4.463303","4.651376"
"Mar 2023","Highland","4.473389","4.427350","4.355742","4.554622"
"Mar 2023","Inverclyde","4.647887","4.615385","4.577465","4.690141"
"Mar 2023","Midlothian","4.535433","4.477273","4.448819","4.559055"
"Mar 2023","Moray","4.475177","4.400000","4.255319","4.517730"
"Mar 2023","Na h-Eileanan Siar","4.657143","4.518519","4.428571","4.657143"
"Mar 2023","North Ayrshire","4.560209","4.413043","4.424084","4.722513"
"Mar 2023","North Lanarkshire","4.581818","4.530973","4.444156","4.633766"
"Mar 2023","Orkney Islands","4.500000","4.440000","4.333333","4.605263"
"Mar 2023","Perth & Kinross","4.584541","4.593496","4.425121","4.632850"
"Mar 2023","Renfrewshire","4.481250","4.327586","4.318750","4.487500"
"Mar 2023","Scottish Borders","4.527397","4.462264","4.431507","4.513699"
"Mar 2023","Shetland Islands","4.628571","4.724138","4.457143","4.714286"
"Mar 2023","South Ayrshire","4.532258","4.448276","4.435484","4.564516"
"Mar 2023","South Lanarkshire","4.553371","4.345455","4.365169","4.539326"
"Mar 2023","Stirling","4.798450","4.735294","4.534884","4.829457"
"Mar 2023","West Dunbartonshire","4.447368","4.509434","4.415584","4.552632"
"Mar 2023","West Lothian","4.562500","4.378378","4.334559","4.591912"
"Apr 2023","Aberdeen City","4.421941","4.324324","4.268908","4.430380"
"Apr 2023","Aberdeenshire","4.474940","4.411067","4.264916","4.474940"
"Apr 2023","Angus","4.601156","4.551724","4.398844","4.578035"
"Apr 2023","Argyll & Bute","4.411290","4.351648","4.379032","4.524194"
"Apr 2023","City of Edinburgh","4.492366","4.372222","4.325758","4.469466"
"Apr 2023","Clackmannanshire","4.740741","4.266667","4.388889","4.648148"
"Apr 2023","Dumfries & Galloway","4.486486","4.504673","4.391892","4.574324"
"Apr 2023","Dundee City","4.564417","4.429907","4.343558","4.607362"
"Apr 2023","East Ayrshire","4.537037","4.318681","4.404908","4.641975"
"Apr 2023","East Dunbartonshire","4.677419","4.524390","4.522581","4.787097"
"Apr 2023","East Lothian","4.406452","4.200000","4.288462","4.361290"
"Apr 2023","East Renfrewshire","4.808511","4.619718","4.556338","4.794326"
"Apr 2023","Edinburgh",NA,NA,NA,NA
"Apr 2023","Falkirk","4.556054","4.368421","4.345291","4.614350"
"Apr 2023","Fife","4.601660","4.533123","4.387967","4.641079"
"Apr 2023","Glasgow City","4.528037","4.533133","4.460280","4.649533"
"Apr 2023","Highland","4.459155","4.387234","4.326761","4.538028"
"Apr 2023","Inverclyde","4.647887","4.600000","4.591549","4.690141"
"Apr 2023","Midlothian","4.515625","4.483146","4.437500","4.539062"
"Apr 2023","Moray","4.471429","4.395349","4.257143","4.507143"
"Apr 2023","Na h-Eileanan Siar","4.628571","4.555556","4.457143","4.685714"
"Apr 2023","North Ayrshire","4.563158","4.413043","4.426316","4.726316"
"Apr 2023","North Lanarkshire","4.577836","4.522124","4.437995","4.627968"
"Apr 2023","Orkney Islands","4.500000","4.440000","4.333333","4.605263"
"Apr 2023","Perth & Kinross","4.565854","4.572581","4.424390","4.624390"
"Apr 2023","Renfrewshire","4.475000","4.318966","4.306250","4.475000"
"Apr 2023","Scottish Borders","4.510345","4.462264","4.400000","4.489655"
"Apr 2023","Shetland Islands","4.628571","4.724138","4.457143","4.714286"
"Apr 2023","South Ayrshire","4.553719","4.453488","4.462810","4.603306"
"Apr 2023","South Lanarkshire","4.543909","4.343891","4.368272","4.532578"
"Apr 2023","Stirling","4.787402","4.705882","4.543307","4.826772"
"Apr 2023","West Dunbartonshire","4.426667","4.480769","4.407895","4.546667"
"Apr 2023","West Lothian","4.546125","4.360000","4.317343","4.571956"
"May 2023","Aberdeen City","4.394068","4.253247","4.236287","4.394068"
"May 2023","Aberdeenshire","4.476415","4.407547","4.264151","4.471698"
"May 2023","Angus","4.606936","4.558333","4.433526","4.606936"
"May 2023","Argyll & Bute","4.400000","4.311828","4.352000","4.496000"
"May 2023","City of Edinburgh","4.490458","4.360882","4.321970","4.467557"
"May 2023","Clackmannanshire","4.754717","4.312500","4.377358","4.641509"
"May 2023","Dumfries & Galloway","4.483221","4.464912","4.389262","4.570470"
"May 2023","Dundee City","4.540373","4.423423","4.322981","4.596273"
"May 2023","East Ayrshire","4.522013","4.287234","4.400000","4.635220"
"May 2023","East Dunbartonshire","4.677419","4.518072","4.522581","4.787097"
"May 2023","East Lothian","4.383117","4.203883","4.277419","4.331169"
"May 2023","East Renfrewshire","4.808511","4.589041","4.563380","4.787234"
"May 2023","Falkirk","4.564444","4.384058","4.346667","4.622222"
"May 2023","Fife","4.595388","4.528125","4.392034","4.635220"
"May 2023","Glasgow City","4.540984","4.534535","4.468384","4.660422"
"May 2023","Highland","4.456091","4.334728","4.297450","4.524079"
"May 2023","Inverclyde","4.647887","4.571429","4.591549","4.690141"
"May 2023","Midlothian","4.531746","4.471910","4.436508","4.547619"
"May 2023","Moray","4.464789","4.355556","4.239437","4.500000"
"May 2023","Na h-Eileanan Siar","4.600000","4.518519","4.428571","4.657143"
"May 2023","North Ayrshire","4.567708","4.428571","4.421875","4.718750"
"May 2023","North Lanarkshire","4.591512","4.539130","4.453581","4.636605"
"May 2023","Orkney Islands","4.512821","4.423077","4.350000","4.589744"
"May 2023","Perth & Kinross","4.563725","4.572581","4.431373","4.622549"
"May 2023","Renfrewshire","4.493750","4.310924","4.325000","4.487500"
"May 2023","Scottish Borders","4.482759","4.448598","4.386207","4.482759"
"May 2023","Shetland Islands","4.628571","4.724138","4.457143","4.714286"
"May 2023","South Ayrshire","4.550000","4.435294","4.450000","4.600000"
"May 2023","South Lanarkshire","4.541076","4.355556","4.376771","4.532578"
"May 2023","Stirling","4.766129","4.671233","4.491935","4.798387"
"May 2023","West Dunbartonshire","4.453333","4.442308","4.394737","4.546667"
"May 2023","West Lothian","4.546125","4.320261","4.313653","4.568266"
"Jun 2023","Aberdeen City","4.383966","4.245161","4.239496","4.379747"
"Jun 2023","Aberdeenshire","4.475177","4.430712","4.267139","4.482270"
"Jun 2023","Angus","4.600000","4.519380","4.394286","4.594286"
"Jun 2023","Argyll & Bute","4.396825","4.319149","4.349206","4.500000"
"Jun 2023","City of Edinburgh","4.484674","4.353425","4.311787","4.461686"
"Jun 2023","Clackmannanshire","4.773585","4.303030","4.358491","4.603774"
"Jun 2023","Dumfries & Galloway","4.466216","4.447368","4.358108","4.540541"
"Jun 2023","Dundee City","4.559748","4.446429","4.350000","4.603774"
"Jun 2023","East Ayrshire","4.500000","4.295918","4.380368","4.611111"
"Jun 2023","East Dunbartonshire","4.670968","4.546512","4.522581","4.780645"
"Jun 2023","East Lothian","4.372549","4.205882","4.279221","4.326797"
"Jun 2023","East Renfrewshire","4.809859","4.594595","4.573427","4.788732"
"Jun 2023","Falkirk","4.574661","4.413043","4.352941","4.619910"
"Jun 2023","Fife","4.588235","4.518405","4.384454","4.621849"
"Jun 2023","Glasgow City","4.535047","4.532738","4.464953","4.658879"
"Jun 2023","Highland","4.461756","4.368201","4.317280","4.535411"
"Jun 2023","Inverclyde","4.619718","4.558140","4.563380","4.676056"
"Jun 2023","Midlothian","4.507937","4.483516","4.436508","4.539683"
"Jun 2023","Moray","4.450704","4.355556","4.232394","4.492958"
"Jun 2023","Na h-Eileanan Siar","4.588235","4.518519","4.411765","4.647059"
"Jun 2023","North Ayrshire","4.565445","4.428571","4.413613","4.706806"
"Jun 2023","North Lanarkshire","4.582011","4.512712","4.436508","4.616402"
"Jun 2023","Orkney Islands","4.512821","4.461538","4.350000","4.641026"
"Jun 2023","Perth & Kinross","4.563725","4.584000","4.431373","4.617647"
"Jun 2023","Renfrewshire","4.518750","4.319328","4.337500","4.506250"
"Jun 2023","Scottish Borders","4.493056","4.457944","4.402778","4.500000"
"Jun 2023","Shetland Islands","4.628571","4.724138","4.457143","4.714286"
"Jun 2023","South Ayrshire","4.550000","4.447059","4.450000","4.600000"
"Jun 2023","South Lanarkshire","4.544160","4.374449","4.378917","4.535613"
"Jun 2023","Stirling","4.762295","4.653333","4.483607","4.795082"
"Jun 2023","West Dunbartonshire","4.453333","4.461538","4.421053","4.573333"
"Jun 2023","West Lothian","4.537037","4.300654","4.311111","4.562963"
"Jul 2023","Aberdeen City","4.393162","4.251613","4.255319","4.384615"
"Jul 2023","Aberdeenshire","4.473810","4.420664","4.259524","4.466667"
"Jul 2023","Angus","4.620690","4.511278","4.419540","4.609195"
"Jul 2023","Argyll & Bute","4.377953","4.281250","4.314961","4.464567"
"Jul 2023","City of Edinburgh","4.497143","4.363144","4.319471","4.468571"
"Jul 2023","Clackmannanshire","4.792453","4.363636","4.377358","4.641509"
"Jul 2023","Dumfries & Galloway","4.458904","4.456897","4.369863","4.541096"
"Jul 2023","Dundee City","4.554140","4.410714","4.335443","4.579618"
"Jul 2023","East Ayrshire","4.484472","4.323232","4.382716","4.602484"
"Jul 2023","East Dunbartonshire","4.634615","4.511111","4.493590","4.756410"
"Jul 2023","East Lothian","4.406667","4.260000","4.304636","4.366667"
"Jul 2023","East Renfrewshire","4.815603","4.600000","4.577465","4.794326"
"Jul 2023","Falkirk","4.570136","4.423611","4.357466","4.610860"
"Jul 2023","Fife","4.597015","4.537267","4.411514","4.635394"
"Jul 2023","Glasgow City","4.531469","4.519174","4.459207","4.648019"
"Jul 2023","Highland","4.470085","4.383333","4.333333","4.538462"
"Jul 2023","Inverclyde","4.605634","4.534884","4.549296","4.661972"
"Jul 2023","Midlothian","4.492063","4.489130","4.436508","4.539683"
"Jul 2023","Moray","4.443662","4.344444","4.218310","4.485915"
"Jul 2023","Na h-Eileanan Siar","4.606061","4.576923","4.484848","4.606061"
"Jul 2023","North Ayrshire","4.557895","4.438776","4.400000","4.694737"
"Jul 2023","North Lanarkshire","4.587302","4.523013","4.439153","4.629630"
"Jul 2023","Orkney Islands","4.512821","4.461538","4.350000","4.641026"
"Jul 2023","Perth & Kinross","4.561576","4.574803","4.423645","4.610837"
"Jul 2023","Renfrewshire","4.518519","4.322314","4.345679","4.506173"
"Jul 2023","Scottish Borders","4.479167","4.462963","4.402778","4.500000"
"Jul 2023","Shetland Islands","4.628571","4.724138","4.457143","4.714286"
"Jul 2023","South Ayrshire","4.512605","4.411765","4.428571","4.579832"
"Jul 2023","South Lanarkshire","4.536932","4.387931","4.383523","4.534091"
"Jul 2023","Stirling","4.745902","4.640000","4.475410","4.795082"
"Jul 2023","West Dunbartonshire","4.473684","4.509434","4.441558","4.592105"
"Jul 2023","West Lothian","4.542125","4.292994","4.304029","4.564103"
"Aug 2023","Aberdeen City","4.393939","4.282051","4.280172","4.389610"
"Aug 2023","Aberdeenshire","4.479518","4.416058","4.262651","4.460241"
"Aug 2023","Angus","4.624277","4.526316","4.433526","4.624277"
"Aug 2023","Argyll & Bute","4.367188","4.316327","4.320312","4.460938"
"Aug 2023","City of Edinburgh","4.497121","4.371274","4.320000","4.470250"
"Aug 2023","Clackmannanshire","4.750000","4.400000","4.346154","4.596154"
"Aug 2023","Dumfries & Galloway","4.448276","4.450000","4.372414","4.524138"
"Aug 2023","Dundee City","4.576923","4.447368","4.375796","4.602564"
"Aug 2023","East Ayrshire","4.493671","4.346939","4.408805","4.607595"
"Aug 2023","East Dunbartonshire","4.621795","4.556701","4.493590","4.756410"
"Aug 2023","East Lothian","4.413333","4.270000","4.304636","4.373333"
"Aug 2023","East Renfrewshire","4.792857","4.576923","4.581560","4.778571"
"Aug 2023","Falkirk","4.566210","4.401361","4.351598","4.607306"
"Aug 2023","Fife","4.592672","4.544615","4.418103","4.633621"
"Aug 2023","Glasgow City","4.514151","4.516320","4.445755","4.625000"
"Aug 2023","Highland","4.472934","4.378601","4.327635","4.538462"
"Aug 2023","Inverclyde","4.600000","4.555556","4.542857","4.657143"
"Aug 2023","Midlothian","4.464000","4.456522","4.408000","4.512000"
"Aug 2023","Moray","4.447552","4.347826","4.209790","4.475524"
"Aug 2023","Na h-Eileanan Siar","4.687500","4.640000","4.531250","4.656250"
"Aug 2023","North Ayrshire","4.566845","4.425743","4.379679","4.689840"
"Aug 2023","North Lanarkshire","4.588710","4.531120","4.443548","4.615591"
"Aug 2023","Orkney Islands","4.512821","4.461538","4.350000","4.641026"
"Aug 2023","Perth & Kinross","4.570000","4.570312","4.410000","4.605000"
"Aug 2023","Renfrewshire","4.515528","4.322314","4.341615","4.496894"
"Aug 2023","Scottish Borders","4.471831","4.472727","4.408451","4.500000"
"Aug 2023","Shetland Islands","4.617647","4.724138","4.441176","4.705882"
"Aug 2023","South Ayrshire","4.508475","4.443182","4.449153","4.567797"
"Aug 2023","South Lanarkshire","4.541787","4.405063","4.380403","4.541787"
"Aug 2023","Stirling","4.768595","4.662338","4.487603","4.809917"
"Aug 2023","West Dunbartonshire","4.520000","4.600000","4.526316","4.666667"
"Aug 2023","West Lothian","4.545788","4.305732","4.311355","4.575092"
"Sep 2023","Aberdeen City","4.401709","4.304348","4.293617","4.397436"
"Sep 2023","Aberdeenshire","4.489157","4.414894","4.257831","4.465060"
"Sep 2023","Angus","4.620690","4.533333","4.431034","4.626437"
"Sep 2023","Argyll & Bute","4.364341","4.313131","4.317829","4.457364"
"Sep 2023","City of Edinburgh","4.500000","4.374317","4.333333","4.480695"
"Sep 2023","Clackmannanshire","4.745098","4.444444","4.333333","4.607843"
"Sep 2023","Dumfries & Galloway","4.441379","4.447154","4.351724","4.482759"
"Sep 2023","Dundee City","4.564935","4.465517","4.380645","4.577922"
"Sep 2023","East Ayrshire","4.490446","4.357143","4.405063","4.605096"
"Sep 2023","East Dunbartonshire","4.625806","4.530612","4.483871","4.754839"
"Sep 2023","East Lothian","4.425676","4.280000","4.315436","4.378378"
"Sep 2023","East Renfrewshire","4.792857","4.576923","4.581560","4.778571"
"Sep 2023","Falkirk","4.562212","4.402685","4.341014","4.599078"
"Sep 2023","Fife","4.591793","4.547112","4.410367","4.634989"
"Sep 2023","Glasgow City","4.501176","4.516224","4.442353","4.614118"
"Sep 2023","Highland","4.471264","4.382114","4.336207","4.537356"
"Sep 2023","Inverclyde","4.579710","4.565217","4.521739","4.637681"
"Sep 2023","Midlothian","4.456693","4.457447","4.401575","4.496063"
"Sep 2023","Moray","4.454545","4.358696","4.216783","4.489510"
"Sep 2023","Na h-Eileanan Siar","4.645161","4.625000","4.516129","4.612903"
"Sep 2023","North Ayrshire","4.556757","4.435644","4.378378","4.697297"
"Sep 2023","North Lanarkshire","4.587601","4.532520","4.447439","4.611860"
"Sep 2023","Orkney Islands","4.487179","4.461538","4.325000","4.615385"
"Sep 2023","Perth & Kinross","4.565000","4.571429","4.410000","4.580000"
"Sep 2023","Renfrewshire","4.506250","4.305785","4.331250","4.462500"
"Sep 2023","Scottish Borders","4.464789","4.463636","4.408451","4.485915"
"Sep 2023","Shetland Islands","4.617647","4.724138","4.441176","4.705882"
"Sep 2023","South Ayrshire","4.504274","4.448276","4.452991","4.572650"
"Sep 2023","South Lanarkshire","4.542029","4.407563","4.373913","4.536232"
"Sep 2023","Stirling","4.745763","4.636364","4.474576","4.779661"
"Sep 2023","West Dunbartonshire","4.527027","4.618182","4.533333","4.675676"
"Sep 2023","West Lothian","4.520147","4.291139","4.304029","4.560440"
"Oct 2023","Aberdeen City","4.400862","4.325000","4.291845","4.396552"
"Oct 2023","Aberdeenshire","4.495098","4.416084","4.274510","4.465686"
"Oct 2023","Angus","4.614943","4.503650","4.431034","4.626437"
"Oct 2023","Argyll & Bute","4.395349","4.333333","4.333333","4.472868"
"Oct 2023","City of Edinburgh","4.496094","4.381471","4.331395","4.484375"
"Oct 2023","Clackmannanshire","4.725490","4.444444","4.333333","4.607843"
"Oct 2023","Dumfries & Galloway","4.423611","4.418033","4.340278","4.465278"
"Oct 2023","Dundee City","4.529412","4.418803","4.337662","4.542484"
"Oct 2023","East Ayrshire","4.484076","4.373737","4.411392","4.598726"
"Oct 2023","East Dunbartonshire","4.645161","4.540000","4.496774","4.754839"
"Oct 2023","East Lothian","4.425676","4.284314","4.322148","4.378378"
"Oct 2023","East Renfrewshire","4.787234","4.587500","4.577465","4.780142"
"Oct 2023","Falkirk","4.560185","4.411765","4.333333","4.583333"
"Oct 2023","Fife","4.593478","4.539157","4.406522","4.636957"
"Oct 2023","Glasgow City","4.496471","4.517647","4.442353","4.604706"
"Oct 2023","Highland","4.469914","4.391129","4.340974","4.541547"
"Oct 2023","Inverclyde","4.594203","4.586957","4.536232","4.652174"
"Oct 2023","Midlothian","4.448819","4.452632","4.385827","4.488189"
"Oct 2023","Moray","4.457746","4.347826","4.211268","4.485915"
"Oct 2023","Na h-Eileanan Siar","4.645161","4.625000","4.516129","4.612903"
"Oct 2023","North Ayrshire","4.554348","4.445545","4.385870","4.701087"
"Oct 2023","North Lanarkshire","4.592391","4.545082","4.453804","4.616848"
"Oct 2023","Orkney Islands","4.487179","4.461538","4.325000","4.615385"
"Oct 2023","Perth & Kinross","4.557214","4.563910","4.398010","4.572139"
"Oct 2023","Renfrewshire","4.487500","4.297521","4.306250","4.443750"
"Oct 2023","Scottish Borders","4.468085","4.454545","4.390071","4.475177"
"Oct 2023","Shetland Islands","4.558824","4.586207","4.382353","4.647059"
"Oct 2023","South Ayrshire","4.512821","4.436782","4.452991","4.581197"
"Oct 2023","South Lanarkshire","4.539130","4.448133","4.382609","4.556522"
"Oct 2023","Stirling","4.717949","4.632911","4.452991","4.752137"
"Oct 2023","West Dunbartonshire","4.534247","4.618182","4.540541","4.684932"
"Oct 2023","West Lothian","4.531136","4.327044","4.322344","4.575092"
"Nov 2023","Aberdeen City","4.396552","4.322981","4.309013","4.405172"
"Nov 2023","Aberdeenshire","4.488889","4.425606","4.281481","4.461728"
"Nov 2023","Angus","4.589595","4.496403","4.410405","4.583815"
"Nov 2023","Argyll & Bute","4.398438","4.343434","4.335938","4.476562"
"Nov 2023","City of Edinburgh","4.493151","4.378747","4.333981","4.487280"
"Nov 2023","Clackmannanshire","4.720000","4.428571","4.320000","4.600000"
"Nov 2023","Dumfries & Galloway","4.419580","4.418033","4.328671","4.461538"
"Nov 2023","Dundee City","4.503268","4.400000","4.318182","4.542484"
"Nov 2023","East Ayrshire","4.474359","4.363636","4.407643","4.602564"
"Nov 2023","East Dunbartonshire","4.611465","4.519608","4.484076","4.732484"
"Nov 2023","East Lothian","4.424658","4.277228","4.326531","4.383562"
"Nov 2023","East Renfrewshire","4.785714","4.582278","4.574468","4.778571"
"Nov 2023","Falkirk","4.570093","4.447368","4.364486","4.598131"
"Nov 2023","Fife","4.589130","4.543027","4.406522","4.628261"
"Nov 2023","Glasgow City","4.487059","4.517544","4.449412","4.604706"
"Nov 2023","Highland","4.458453","4.381526","4.338109","4.535817"
"Nov 2023","Inverclyde","4.594203","4.586957","4.521739","4.652174"
"Nov 2023","Midlothian","4.460317","4.473684","4.396825","4.500000"
"Nov 2023","Moray","4.468085","4.336957","4.198582","4.475177"
"Nov 2023","Na h-Eileanan Siar","4.645161","4.625000","4.516129","4.612903"
"Nov 2023","North Ayrshire","4.546448","4.435644","4.382514","4.693989"
"Nov 2023","North Lanarkshire","4.587432","4.542857","4.453552","4.606557"
"Nov 2023","Orkney Islands","4.487179","4.461538","4.325000","4.615385"
"Nov 2023","Perth & Kinross","4.552239","4.582090","4.398010","4.572139"
"Nov 2023","Renfrewshire","4.477987","4.295082","4.295597","4.433962"
"Nov 2023","Scottish Borders","4.478571","4.467890","4.400000","4.485714"
"Nov 2023","Shetland Islands","4.529412","4.586207","4.382353","4.647059"
"Nov 2023","South Ayrshire","4.525862","4.459770","4.456897","4.594828"
"Nov 2023","South Lanarkshire","4.520349","4.438017","4.377907","4.549419"
"Nov 2023","Stirling","4.715517","4.658228","4.482759","4.767241"
"Nov 2023","West Dunbartonshire","4.534247","4.618182","4.540541","4.684932"
"Nov 2023","West Lothian","4.536496","4.343750","4.332117","4.576642"
"Dec 2023","Aberdeen City","4.408696","4.356250","4.320346","4.417391"
"Dec 2023","Aberdeenshire","4.490099","4.431507","4.279703","4.467822"
"Dec 2023","Angus","4.619883","4.536232","4.444444","4.602339"
"Dec 2023","Argyll & Bute","4.414062","4.363636","4.351562","4.484375"
"Dec 2023","City of Edinburgh","4.498039","4.393531","4.352140","4.498039"
"Dec 2023","Clackmannanshire","4.720000","4.428571","4.320000","4.600000"
"Dec 2023","Dumfries & Galloway","4.402778","4.411290","4.312500","4.444444"
"Dec 2023","Dundee City","4.516556","4.411765","4.322368","4.549669"
"Dec 2023","East Ayrshire","4.470968","4.373737","4.416667","4.600000"
"Dec 2023","East Dunbartonshire","4.602564","4.524272","4.480769","4.730769"
"Dec 2023","East Lothian","4.424658","4.267327","4.326531","4.383562"
"Dec 2023","East Renfrewshire","4.778571","4.569620","4.581560","4.778571"
"Dec 2023","Falkirk","4.560748","4.431373","4.359813","4.584112"
"Dec 2023","Fife","4.587336","4.544379","4.408297","4.624454"
"Dec 2023","Glasgow City","4.487059","4.520468","4.451765","4.600000"
"Dec 2023","Highland","4.459770","4.386454","4.341954","4.531609"
"Dec 2023","Inverclyde","4.588235","4.586957","4.514706","4.647059"
"Dec 2023","Midlothian","4.480000","4.510638","4.424000","4.520000"
"Dec 2023","Moray","4.475177","4.347826","4.205674","4.475177"
"Dec 2023","Na h-Eileanan Siar","4.600000","4.625000","4.466667","4.566667"
"Dec 2023","North Ayrshire","4.546448","4.436893","4.377049","4.693989"
"Dec 2023","North Lanarkshire","4.587912","4.534694","4.445055","4.607143"
"Dec 2023","Orkney Islands","4.473684","4.461538","4.307692","4.605263"
"Dec 2023","Perth & Kinross","4.552239","4.585185","4.388060","4.567164"
"Dec 2023","Renfrewshire","4.475000","4.284553","4.287500","4.425000"
"Dec 2023","Scottish Borders","4.482270","4.472727","4.390071","4.489362"
"Dec 2023","Shetland Islands","4.515152","4.517241","4.333333","4.636364"
"Dec 2023","South Ayrshire","4.525862","4.459770","4.456897","4.594828"
"Dec 2023","South Lanarkshire","4.501475","4.431535","4.365782","4.533923"
"Dec 2023","Stirling","4.715517","4.658228","4.482759","4.767241"
"Dec 2023","West Dunbartonshire","4.541667","4.629630","4.547945","4.694444"
"Dec 2023","West Lothian","4.549815","4.360759","4.343173","4.586716"
"Jan 2024","Aberdeen City","4.420354","4.391304","4.339207","4.424779"
"Jan 2024","Aberdeenshire","4.490050","4.437288","4.281095","4.465174"
"Jan 2024","Angus","4.627219","4.553957","4.443787","4.603550"
"Jan 2024","Argyll & Bute","4.418605","4.370000","4.356589","4.488372"
"Jan 2024","City of Edinburgh","4.498024","4.394595","4.347059","4.494071"
"Jan 2024","Clackmannanshire","4.720000","4.428571","4.320000","4.600000"
"Jan 2024","Dumfries & Galloway","4.388889","4.411290","4.312500","4.437500"
"Jan 2024","Dundee City","4.506667","4.408333","4.317881","4.546667"
"Jan 2024","East Ayrshire","4.473684","4.373737","4.418301","4.605263"
"Jan 2024","East Dunbartonshire","4.594771","4.524272","4.477124","4.725490"
"Jan 2024","East Lothian","4.423611","4.267327","4.331034","4.381944"
"Jan 2024","East Renfrewshire","4.764286","4.556962","4.581560","4.771429"
"Jan 2024","Falkirk","4.558685","4.437908","4.361502","4.582160"
"Jan 2024","Fife","4.591611","4.544643","4.408389","4.620309"
"Jan 2024","Glasgow City","4.476303","4.529412","4.445498","4.590047"
"Jan 2024","Highland","4.439306","4.379447","4.326590","4.508671"
"Jan 2024","Inverclyde","4.588235","4.586957","4.500000","4.647059"
"Jan 2024","Midlothian","4.488000","4.510638","4.432000","4.520000"
"Jan 2024","Moray","4.492857","4.358696","4.207143","4.471429"
"Jan 2024","Na h-Eileanan Siar","4.600000","4.625000","4.466667","4.566667"
"Jan 2024","North Ayrshire","4.543956","4.446602","4.379121","4.692308"
"Jan 2024","North Lanarkshire","4.587258","4.528226","4.445983","4.606648"
"Jan 2024","Orkney Islands","4.526316","4.555556","4.358974","4.605263"
"Jan 2024","Perth & Kinross","4.560000","4.615942","4.400000","4.575000"
"Jan 2024","Renfrewshire","4.475000","4.296000","4.281250","4.418750"
"Jan 2024","Scottish Borders","4.489362","4.481818","4.390071","4.489362"
"Jan 2024","Shetland Islands","4.515152","4.551724","4.333333","4.636364"
"Jan 2024","South Ayrshire","4.580357","4.482353","4.491071","4.660714"
"Jan 2024","South Lanarkshire","4.491124","4.419753","4.360947","4.523669"
"Jan 2024","Stirling","4.713043","4.658228","4.478261","4.765217"
"Jan 2024","West Dunbartonshire","4.549296","4.622642","4.541667","4.690141"
"Jan 2024","West Lothian","4.559701","4.374194","4.350746","4.589552"
"Feb 2024","Aberdeen City","4.409692","4.374233","4.337719","4.418502"
"Feb 2024","Aberdeenshire","4.487562","4.451827","4.271144","4.460199"
"Feb 2024","Angus","4.632530","4.554745","4.457831","4.608434"
"Feb 2024","Argyll & Bute","4.414062","4.390000","4.367188","4.500000"
"Feb 2024","City of Edinburgh","4.500000","4.395664","4.348425","4.494048"
"Feb 2024","Clackmannanshire","4.720000","4.444444","4.340000","4.580000"
"Feb 2024","Dumfries & Galloway","4.380282","4.403226","4.309859","4.429577"
"Feb 2024","Dundee City","4.483221","4.404959","4.286667","4.516779"
"Feb 2024","East Ayrshire","4.470199","4.380000","4.421053","4.602649"
"Feb 2024","East Dunbartonshire","4.601307","4.519608","4.477124","4.718954"
"Feb 2024","East Lothian","4.423611","4.274510","4.331034","4.375000"
"Feb 2024","East Renfrewshire","4.768116","4.556962","4.582734","4.782609"
"Feb 2024","Falkirk","4.558685","4.458065","4.370892","4.582160"
"Feb 2024","Fife","4.577778","4.547059","4.400000","4.604444"
"Feb 2024","Glasgow City","4.468900","4.526627","4.435407","4.576555"
"Feb 2024","Highland","4.420290","4.368217","4.307246","4.486957"
"Feb 2024","Inverclyde","4.597015","4.586957","4.507463","4.656716"
"Feb 2024","Midlothian","4.492063","4.515464","4.444444","4.523810"
"Feb 2024","Moray","4.485714","4.347826","4.192857","4.457143"
"Feb 2024","Na h-Eileanan Siar","4.586207","4.608696","4.448276","4.551724"
"Feb 2024","North Ayrshire","4.543956","4.446602","4.379121","4.692308"
"Feb 2024","North Lanarkshire","4.576602","4.532000","4.442897","4.604457"
"Feb 2024","Orkney Islands","4.526316","4.555556","4.358974","4.605263"
"Feb 2024","Perth & Kinross","4.545000","4.604317","4.385000","4.560000"
"Feb 2024","Renfrewshire","4.468750","4.296000","4.287500","4.412500"
"Feb 2024","Scottish Borders","4.492857","4.481818","4.400000","4.500000"
"Feb 2024","Shetland Islands","4.515152","4.551724","4.333333","4.636364"
"Feb 2024","South Ayrshire","4.580357","4.470588","4.491071","4.651786"
"Feb 2024","South Lanarkshire","4.491124","4.419753","4.363905","4.529586"
"Feb 2024","Stirling","4.704348","4.654321","4.486957","4.765217"
"Feb 2024","West Dunbartonshire","4.549296","4.622642","4.541667","4.690141"
"Feb 2024","West Lothian","4.552632","4.374194","4.349624","4.582707"
"Mar 2024","Aberdeen City","4.396476","4.371951","4.311404","4.392070"
"Mar 2024","Aberdeenshire","4.472500","4.451299","4.240000","4.442500"
"Mar 2024","Angus","4.634146","4.554745","4.445122","4.615854"
"Mar 2024","Argyll & Bute","4.414062","4.390000","4.367188","4.500000"
"Mar 2024","City of Edinburgh","4.480080","4.381081","4.330040","4.480080"
"Mar 2024","Clackmannanshire","4.693878","4.432432","4.306122","4.551020"
"Mar 2024","Dumfries & Galloway","4.394366","4.435484","4.323944","4.436620"
"Mar 2024","Dundee City","4.493243","4.418033","4.302013","4.520270"
"Mar 2024","East Ayrshire","4.470588","4.388350","4.422078","4.594771"
"Mar 2024","East Dunbartonshire","4.588235","4.500000","4.464052","4.705882"
"Mar 2024","East Lothian","4.430556","4.264706","4.310345","4.361111"
"Mar 2024","East Renfrewshire","4.751825","4.544304","4.579710","4.773723"
"Mar 2024","Falkirk","4.554502","4.464968","4.379147","4.578199"
"Mar 2024","Fife","4.552573","4.526163","4.373602","4.583893"
"Mar 2024","Glasgow City","4.488095","4.542522","4.450000","4.583333"
"Mar 2024","Highland","4.412281","4.364341","4.301170","4.485380"
"Mar 2024","Inverclyde","4.575758","4.586957","4.515152","4.651515"
"Mar 2024","Midlothian","4.488000","4.515464","4.448000","4.512000"
"Mar 2024","Moray","4.489209","4.347826","4.194245","4.460432"
"Mar 2024","Na h-Eileanan Siar","4.586207","4.608696","4.448276","4.551724"
"Mar 2024","North Ayrshire","4.532967","4.415094","4.362637","4.675824"
"Mar 2024","North Lanarkshire","4.574230","4.541833","4.439776","4.596639"
"Mar 2024","Orkney Islands","4.526316","4.555556","4.358974","4.605263"
"Mar 2024","Perth & Kinross","4.540404","4.615942","4.373737","4.550505"
"Mar 2024","Renfrewshire","4.465409","4.299213","4.289308","4.415094"
"Mar 2024","Scottish Borders","4.496403","4.504587","4.417266","4.503597"
"Mar 2024","Shetland Islands","4.515152","4.551724","4.333333","4.636364"
"Mar 2024","South Ayrshire","4.580357","4.470588","4.473214","4.651786"
"Mar 2024","South Lanarkshire","4.486567","4.413934","4.355224","4.519403"
"Mar 2024","Stirling","4.678261","4.670588","4.478261","4.739130"
"Mar 2024","West Dunbartonshire","4.549296","4.622642","4.541667","4.690141"
"Mar 2024","West Lothian","4.558935","4.375000","4.357414","4.574144"
"Apr 2024","Aberdeen City","4.392070","4.367470","4.315789","4.383260"
"Apr 2024","Aberdeenshire","4.472222","4.450161","4.219697","4.436869"
"Apr 2024","Angus","4.621951","4.553957","4.420732","4.597561"
"Apr 2024","Argyll & Bute","4.409449","4.400000","4.370079","4.519685"
"Apr 2024","City of Edinburgh","4.474104","4.371968","4.326087","4.470120"
"Apr 2024","Clackmannanshire","4.693878","4.447368","4.306122","4.551020"
"Apr 2024","Dumfries & Galloway","4.401408","4.443548","4.338028","4.436620"
"Apr 2024","Dundee City","4.506849","4.434426","4.312925","4.527397"
"Apr 2024","East Ayrshire","4.453947","4.388350","4.418301","4.598684"
"Apr 2024","East Dunbartonshire","4.585526","4.495050","4.453947","4.690789"
"Apr 2024","East Lothian","4.437500","4.274510","4.317241","4.375000"
"Apr 2024","East Renfrewshire","4.751825","4.544304","4.579710","4.773723"
"Apr 2024","Falkirk","4.561905","4.477707","4.380952","4.576190"
"Apr 2024","Fife","4.546067","4.528736","4.370787","4.573034"
"Apr 2024","Glasgow City","4.484412","4.520468","4.450839","4.568345"
"Apr 2024","Highland","4.381503","4.348315","4.277457","4.462428"
"Apr 2024","Inverclyde","4.569231","4.600000","4.523077","4.646154"
"Apr 2024","Midlothian","4.488000","4.515464","4.448000","4.512000"
"Apr 2024","Moray","4.478261","4.326087","4.166667","4.449275"
"Apr 2024","Na h-Eileanan Siar","4.642857","4.636364","4.500000","4.571429"
"Apr 2024","North Ayrshire","4.532967","4.405660","4.357143","4.675824"
"Apr 2024","North Lanarkshire","4.571831","4.533865","4.439437","4.597183"
"Apr 2024","Orkney Islands","4.552632","4.592593","4.384615","4.605263"
"Apr 2024","Perth & Kinross","4.535714","4.613139","4.362245","4.556122"
"Apr 2024","Renfrewshire","4.452830","4.283465","4.264151","4.402516"
"Apr 2024","Scottish Borders","4.496403","4.486239","4.410072","4.510791"
"Apr 2024","Shetland Islands","4.515152","4.551724","4.333333","4.636364"
"Apr 2024","South Ayrshire","4.580357","4.482353","4.482143","4.660714"
"Apr 2024","South Lanarkshire","4.474474","4.408907","4.351351","4.510511"
"Apr 2024","Stirling","4.675439","4.674419","4.473684","4.728070"
"Apr 2024","West Dunbartonshire","4.557143","4.634615","4.549296","4.700000"
"Apr 2024","West Lothian","4.549618","4.375000","4.362595","4.553435"
"May 2024","Aberdeen City","4.411504","4.387879","4.325991","4.393805"
"May 2024","Aberdeenshire","4.469388","4.471154","4.224490","4.436224"
"May 2024","Angus","4.644172","4.589928","4.441718","4.619632"
"May 2024","Argyll & Bute","4.401575","4.396040","4.370079","4.511811"
"May 2024","City of Edinburgh","4.470120","4.367021","4.318182","4.462151"
"May 2024","Clackmannanshire","4.693878","4.447368","4.346939","4.551020"
"May 2024","Dumfries & Galloway","4.387324","4.443548","4.338028","4.401408"
"May 2024","Dundee City","4.482759","4.442623","4.308219","4.517241"
"May 2024","East Ayrshire","4.456954","4.388350","4.414474","4.596026"
"May 2024","East Dunbartonshire","4.580000","4.504854","4.453333","4.686667"
"May 2024","East Lothian","4.430556","4.271845","4.310345","4.368056"
"May 2024","East Renfrewshire","4.772059","4.582278","4.598540","4.794118"
"May 2024","Falkirk","4.555024","4.468354","4.377990","4.574163"
"May 2024","Fife","4.542601","4.528571","4.367713","4.569507"
"May 2024","Glasgow City","4.495215","4.533528","4.454545","4.574163"
"May 2024","Highland","4.387283","4.374074","4.291908","4.465318"
"May 2024","Inverclyde","4.569231","4.600000","4.523077","4.646154"
"May 2024","Midlothian","4.496000","4.525773","4.456000","4.520000"
"May 2024","Moray","4.478261","4.322581","4.173913","4.456522"
"May 2024","Na h-Eileanan Siar","4.586207","4.608696","4.517241","4.586207"
"May 2024","North Ayrshire","4.535912","4.405660","4.359116","4.679558"
"May 2024","North Lanarkshire","4.569801","4.546875","4.455840","4.592593"
"May 2024","Orkney Islands","4.552632","4.592593","4.384615","4.605263"
"May 2024","Perth & Kinross","4.533333","4.597122","4.353846","4.538462"
"May 2024","Renfrewshire","4.455696","4.283465","4.259494","4.392405"
"May 2024","Scottish Borders","4.471429","4.454545","4.385714","4.471429"
"May 2024","Shetland Islands","4.515152","4.551724","4.333333","4.636364"
"May 2024","South Ayrshire","4.603604","4.505882","4.513514","4.675676"
"May 2024","South Lanarkshire","4.469880","4.403226","4.349398","4.509036"
"May 2024","Stirling","4.649123","4.639535","4.456140","4.692982"
"May 2024","West Dunbartonshire","4.550725","4.634615","4.557143","4.695652"
"May 2024","West Lothian","4.550943","4.391026","4.373585","4.550943"
"Jun 2024","Aberdeen City","4.440000","4.406061","4.353982","4.404444"
"Jun 2024","Aberdeenshire","4.478149","4.472669","4.215938","4.431877"
"Jun 2024","Angus","4.643750","4.605839","4.437500","4.618750"
"Jun 2024","Argyll & Bute","4.373984","4.377551","4.349593","4.504065"
"Jun 2024","City of Edinburgh","4.465164","4.368984","4.317073","4.465164"
"Jun 2024","Clackmannanshire","4.660000","4.435897","4.340000","4.540000"
"Jun 2024","Dumfries & Galloway","4.401408","4.444444","4.338028","4.408451"
"Jun 2024","Dundee City","4.510490","4.487603","4.347222","4.545455"
"Jun 2024","East Ayrshire","4.460000","4.392157","4.410596","4.593333"
"Jun 2024","East Dunbartonshire","4.558621","4.490196","4.448276","4.675862"
"Jun 2024","East Lothian","4.443662","4.271845","4.321678","4.373239"
"Jun 2024","East Renfrewshire","4.766917","4.555556","4.597015","4.796992"
"Jun 2024","Falkirk","4.565854","4.496815","4.390244","4.590244"
"Jun 2024","Fife","4.541950","4.534483","4.369615","4.571429"
"Jun 2024","Glasgow City","4.497596","4.535088","4.454327","4.576923"
"Jun 2024","Highland","4.389728","4.385214","4.293051","4.453172"
"Jun 2024","Inverclyde","4.569231","4.622222","4.538462","4.661538"
"Jun 2024","Midlothian","4.508065","4.510417","4.475806","4.508065"
"Jun 2024","Moray","4.471014","4.322581","4.166667","4.449275"
"Jun 2024","Na h-Eileanan Siar","4.586207","4.608696","4.517241","4.586207"
"Jun 2024","North Ayrshire","4.542373","4.394231","4.355932","4.683616"
"Jun 2024","North Lanarkshire","4.569364","4.560311","4.462428","4.604046"
"Jun 2024","Orkney Islands","4.552632","4.592593","4.384615","4.631579"
"Jun 2024","Perth & Kinross","4.531250","4.597122","4.348958","4.531250"
"Jun 2024","Renfrewshire","4.453947","4.282258","4.269737","4.388158"
"Jun 2024","Scottish Borders","4.481203","4.457143","4.406015","4.488722"
"Jun 2024","Shetland Islands","4.448276","4.600000","4.344828","4.586207"
"Jun 2024","South Ayrshire","4.609091","4.500000","4.527273","4.672727"
"Jun 2024","South Lanarkshire","4.471125","4.417671","4.358663","4.516717"
"Jun 2024","Stirling","4.657658","4.650602","4.468468","4.702703"
"Jun 2024","West Dunbartonshire","4.529412","4.634615","4.550725","4.691176"
"Jun 2024","West Lothian","4.542636","4.363057","4.344961","4.531008"
"Jul 2024","Aberdeen City","4.437500","4.400000","4.342222","4.392857"
"Jul 2024","Aberdeenshire","4.492021","4.478405","4.220745","4.438830"
"Jul 2024","Angus","4.639752","4.594203","4.428571","4.614907"
"Jul 2024","Argyll & Bute","4.380165","4.385417","4.347107","4.504132"
"Jul 2024","City of Edinburgh","4.457906","4.361702","4.309572","4.459959"
"Jul 2024","Clackmannanshire","4.660000","4.435897","4.340000","4.540000"
"Jul 2024","Dumfries & Galloway","4.418440","4.460317","4.347518","4.418440"
"Jul 2024","Dundee City","4.510490","4.487603","4.354167","4.552448"
"Jul 2024","East Ayrshire","4.463576","4.390476","4.414474","4.589404"
"Jul 2024","East Dunbartonshire","4.554795","4.490196","4.452055","4.671233"
"Jul 2024","East Lothian","4.434483","4.285714","4.328767","4.393103"
"Jul 2024","East Renfrewshire","4.761194","4.560976","4.600000","4.791045"
"Jul 2024","Falkirk","4.567961","4.503145","4.393204","4.597087"
"Jul 2024","Fife","4.547945","4.547278","4.372146","4.570776"
"Jul 2024","Glasgow City","4.484412","4.548105","4.465228","4.565947"
"Jul 2024","Highland","4.406061","4.400000","4.306061","4.466667"
"Jul 2024","Inverclyde","4.531250","4.590909","4.515625","4.625000"
"Jul 2024","Midlothian","4.500000","4.500000","4.467742","4.500000"
"Jul 2024","Moray","4.467626","4.340426","4.165468","4.453237"
"Jul 2024","Na h-Eileanan Siar","4.600000","4.583333","4.533333","4.600000"
"Jul 2024","North Ayrshire","4.548023","4.394231","4.361582","4.683616"
"Jul 2024","North Lanarkshire","4.564327","4.554688","4.459064","4.602339"
"Jul 2024","Orkney Islands","4.552632","4.576923","4.368421","4.631579"
"Jul 2024","Perth & Kinross","4.531250","4.567376","4.343750","4.515625"
"Jul 2024","Renfrewshire","4.463576","4.292683","4.271523","4.377483"
"Jul 2024","Scottish Borders","4.485075","4.444444","4.388060","4.485075"
"Jul 2024","Shetland Islands","4.448276","4.481481","4.275862","4.517241"
"Jul 2024","South Ayrshire","4.600000","4.488095","4.518182","4.654545"
"Jul 2024","South Lanarkshire","4.470948","4.424000","4.357798","4.519878"
"Jul 2024","Stirling","4.657658","4.650602","4.468468","4.693694"
"Jul 2024","West Dunbartonshire","4.529412","4.634615","4.550725","4.691176"
"Jul 2024","West Lothian","4.519380","4.371951","4.329457","4.515504"
"Aug 2024","Aberdeen City","4.447964","4.401235","4.346847","4.384615"
"Aug 2024","Aberdeenshire","4.494709","4.486842","4.222222","4.449735"
"Aug 2024","Angus","4.635802","4.582734","4.425926","4.611111"
"Aug 2024","Argyll & Bute","4.388430","4.397959","4.347107","4.512397"
"Aug 2024","City of Edinburgh","4.423237","4.330667","4.273663","4.425311"
"Aug 2024","Clackmannanshire","4.660000","4.461538","4.360000","4.560000"
"Aug 2024","Dumfries & Galloway","4.407143","4.464567","4.342857","4.400000"
"Aug 2024","Dundee City","4.521127","4.500000","4.363636","4.563380"
"Aug 2024","East Ayrshire","4.460526","4.383178","4.398693","4.578947"
"Aug 2024","East Dunbartonshire","4.559441","4.510000","4.454545","4.678322"
"Aug 2024","East Lothian","4.423611","4.283019","4.310345","4.368056"
"Aug 2024","East Renfrewshire","4.757576","4.548780","4.586466","4.787879"
"Aug 2024","Falkirk","4.575610","4.518750","4.390244","4.604878"
"Aug 2024","Fife","4.541667","4.538682","4.370370","4.562500"
"Aug 2024","Glasgow City","4.484262","4.556522","4.462470","4.559322"
"Aug 2024","Highland","4.409639","4.424710","4.313253","4.466867"
"Aug 2024","Inverclyde","4.531250","4.590909","4.515625","4.625000"
"Aug 2024","Midlothian","4.520661","4.520833","4.487603","4.512397"
"Aug 2024","Moray","4.482014","4.360825","4.172662","4.467626"
"Aug 2024","Na h-Eileanan Siar","4.586207","4.583333","4.517241","4.586207"
"Aug 2024","North Ayrshire","4.560694","4.413462","4.369942","4.682081"
"Aug 2024","North Lanarkshire","4.562682","4.562016","4.454810","4.597668"
"Aug 2024","Orkney Islands","4.552632","4.576923","4.368421","4.631579"
"Aug 2024","Perth & Kinross","4.526042","4.573427","4.338542","4.515625"
"Aug 2024","Renfrewshire","4.466667","4.303279","4.266667","4.380000"
"Aug 2024","Scottish Borders","4.496241","4.457944","4.406015","4.496241"
"Aug 2024","Shetland Islands","4.448276","4.481481","4.275862","4.517241"
"Aug 2024","South Ayrshire","4.594595","4.494118","4.504505","4.630631"
"Aug 2024","South Lanarkshire","4.482972","4.447581","4.377709","4.535604"
"Aug 2024","Stirling","4.648649","4.642857","4.468468","4.684685"
"Aug 2024","West Dunbartonshire","4.537313","4.627451","4.537313","4.686567"
"Aug 2024","West Lothian","4.503876","4.363095","4.321705","4.507752"
"Sep 2024","Aberdeen City","4.448430","4.427711","4.348214","4.385650"
"Sep 2024","Aberdeenshire","4.493333","4.495017","4.224000","4.450667"
"Sep 2024","Angus","4.631250","4.583942","4.431250","4.612500"
"Sep 2024","Argyll & Bute","4.388430","4.404040","4.338843","4.504132"
"Sep 2024","City of Edinburgh","4.417012","4.335106","4.277778","4.421162"
"Sep 2024","Clackmannanshire","4.620000","4.435897","4.360000","4.580000"
"Sep 2024","Dumfries & Galloway","4.419580","4.480620","4.349650","4.405594"
"Sep 2024","Dundee City","4.542254","4.516667","4.377622","4.577465"
"Sep 2024","East Ayrshire","4.467105","4.383178","4.379085","4.546053"
"Sep 2024","East Dunbartonshire","4.548611","4.514563","4.451389","4.666667"
"Sep 2024","East Lothian","4.433566","4.295238","4.326389","4.377622"
"Sep 2024","East Renfrewshire","4.748148","4.534884","4.580882","4.785185"
"Sep 2024","Falkirk","4.581281","4.531250","4.394089","4.605911"
"Sep 2024","Fife","4.554524","4.545714","4.380510","4.568445"
"Sep 2024","Glasgow City","4.496368","4.565217","4.469734","4.573850"
"Sep 2024","Highland","4.413897","4.435115","4.299094","4.453172"
"Sep 2024","Inverclyde","4.531250","4.568182","4.500000","4.625000"
"Sep 2024","Midlothian","4.512397","4.531250","4.471074","4.512397"
"Sep 2024","Moray","4.489362","4.356436","4.163121","4.453901"
"Sep 2024","Na h-Eileanan Siar","4.620690","4.541667","4.413793","4.586207"
"Sep 2024","North Ayrshire","4.543353","4.394231","4.352601","4.664740"
"Sep 2024","North Lanarkshire","4.558480","4.559387","4.450292","4.596491"
"Sep 2024","Orkney Islands","4.552632","4.576923","4.368421","4.631579"
"Sep 2024","Perth & Kinross","4.539267","4.584507","4.350785","4.518325"
"Sep 2024","Renfrewshire","4.430464","4.266129","4.231788","4.344371"
"Sep 2024","Scottish Borders","4.496296","4.472727","4.414815","4.496296"
"Sep 2024","Shetland Islands","4.448276","4.481481","4.275862","4.517241"
"Sep 2024","South Ayrshire","4.590909","4.500000","4.500000","4.618182"
"Sep 2024","South Lanarkshire","4.479751","4.445344","4.376947","4.529595"
"Sep 2024","Stirling","4.654867","4.636364","4.451327","4.663717"
"Sep 2024","West Dunbartonshire","4.552239","4.634615","4.552239","4.701493"
"Sep 2024","West Lothian","4.515504","4.384615","4.333333","4.515504"
"Oct 2024","Aberdeen City","4.447489","4.442424","4.345455","4.374429"
"Oct 2024","Aberdeenshire","4.493298","4.498350","4.246649","4.447721"
"Oct 2024","Angus","4.625000","4.591241","4.437500","4.618750"
"Oct 2024","Argyll & Bute","4.382114","4.405941","4.341463","4.504065"
"Oct 2024","City of Edinburgh","4.405010","4.328042","4.260870","4.396660"
"Oct 2024","Clackmannanshire","4.620000","4.435897","4.360000","4.580000"
"Oct 2024","Dumfries & Galloway","4.443662","4.500000","4.366197","4.422535"
"Oct 2024","Dundee City","4.549296","4.516667","4.377622","4.584507"
"Oct 2024","East Ayrshire","4.444444","4.357798","4.370130","4.529412"
"Oct 2024","East Dunbartonshire","4.566434","4.548077","4.475524","4.678322"
"Oct 2024","East Lothian","4.426573","4.266667","4.319444","4.370629"
"Oct 2024","East Renfrewshire","4.727941","4.528736","4.583942","4.772059"
"Oct 2024","Falkirk","4.579208","4.534591","4.391089","4.603960"
"Oct 2024","Fife","4.549654","4.535211","4.371824","4.556582"
"Oct 2024","Glasgow City","4.497596","4.564841","4.463942","4.562500"
"Oct 2024","Highland","4.395137","4.420455","4.279635","4.440729"
"Oct 2024","Inverclyde","4.538462","4.577778","4.507692","4.615385"
"Oct 2024","Midlothian","4.454545","4.500000","4.421488","4.462810"
"Oct 2024","Moray","4.485915","4.343137","4.154930","4.443662"
"Oct 2024","Na h-Eileanan Siar","4.464286","4.520000","4.321429","4.500000"
"Oct 2024","North Ayrshire","4.543860","4.400000","4.356725","4.672515"
"Oct 2024","North Lanarkshire","4.560117","4.550000","4.448680","4.586510"
"Oct 2024","Orkney Islands","4.589744","4.592593","4.384615","4.641026"
"Oct 2024","Perth & Kinross","4.536842","4.580420","4.347368","4.510526"
"Oct 2024","Renfrewshire","4.437086","4.282258","4.238411","4.370861"
"Oct 2024","Scottish Borders","4.488889","4.473214","4.429630","4.496296"
"Oct 2024","Shetland Islands","4.413793","4.481481","4.275862","4.517241"
"Oct 2024","South Ayrshire","4.568807","4.476744","4.486239","4.605505"
"Oct 2024","South Lanarkshire","4.470405","4.433198","4.361371","4.517134"
"Oct 2024","Stirling","4.633929","4.632184","4.455357","4.669643"
"Oct 2024","West Dunbartonshire","4.544118","4.622642","4.544118","4.691176"
"Oct 2024","West Lothian","4.500000","4.360947","4.324219","4.503906"
"Nov 2024","Aberdeen City","4.420354","4.424419","4.325991","4.340708"
"Nov 2024","Aberdeenshire","4.494764","4.504823","4.261780","4.450262"
"Nov 2024","Angus","4.621118","4.605839","4.440994","4.621118"
"Nov 2024","Argyll & Bute","4.385827","4.400000","4.346457","4.496063"
"Nov 2024","City of Edinburgh","4.412262","4.344000","4.270440","4.397463"
"Nov 2024","Clackmannanshire","4.600000","4.461538","4.340000","4.580000"
"Nov 2024","Dumfries & Galloway","4.439716","4.488189","4.361702","4.418440"
"Nov 2024","Dundee City","4.537931","4.495935","4.383562","4.586207"
"Nov 2024","East Ayrshire","4.454545","4.357798","4.376623","4.538961"
"Nov 2024","East Dunbartonshire","4.573427","4.543689","4.468531","4.671329"
"Nov 2024","East Lothian","4.436620","4.285714","4.328671","4.387324"
"Nov 2024","East Renfrewshire","4.727941","4.534091","4.579710","4.764706"
"Nov 2024","Falkirk","4.569307","4.509317","4.376238","4.574257"
"Nov 2024","Fife","4.545035","4.532213","4.369515","4.551963"
"Nov 2024","Glasgow City","4.504854","4.576812","4.470874","4.575243"
"Nov 2024","Highland","4.401216","4.431818","4.276596","4.446809"
"Nov 2024","Inverclyde","4.531250","4.590909","4.500000","4.625000"
"Nov 2024","Midlothian","4.462810","4.510204","4.429752","4.479339"
"Nov 2024","Moray","4.482270","4.362745","4.148936","4.439716"
"Nov 2024","Na h-Eileanan Siar","4.464286","4.560000","4.321429","4.535714"
"Nov 2024","North Ayrshire","4.535294","4.413462","4.358824","4.676471"
"Nov 2024","North Lanarkshire","4.559880","4.552529","4.446108","4.583832"
"Nov 2024","Orkney Islands","4.564103","4.571429","4.384615","4.615385"
"Nov 2024","Perth & Kinross","4.540107","4.578571","4.352941","4.513369"
"Nov 2024","Renfrewshire","4.440000","4.290323","4.246667","4.380000"
"Nov 2024","Scottish Borders","4.477941","4.460177","4.411765","4.477941"
"Nov 2024","Shetland Islands","4.344828","4.481481","4.275862","4.517241"
"Nov 2024","South Ayrshire","4.564815","4.458824","4.472222","4.592593"
"Nov 2024","South Lanarkshire","4.466877","4.423868","4.353312","4.507886"
"Nov 2024","Stirling","4.630631","4.632184","4.459459","4.666667"
"Nov 2024","West Dunbartonshire","4.552239","4.634615","4.552239","4.701493"
"Nov 2024","West Lothian","4.482213","4.357143","4.316206","4.494071"
"Dec 2024","Aberdeen City","4.440909","4.446429","4.348416","4.354545"
"Dec 2024","Aberdeenshire","4.495979","4.501639","4.249330","4.445040"
"Dec 2024","Angus","4.600000","4.586957","4.431250","4.593750"
"Dec 2024","Argyll & Bute","4.365854","4.392157","4.325203","4.479675"
"Dec 2024","City of Edinburgh","4.402105","4.346561","4.269311","4.391579"
"Dec 2024","Clackmannanshire","4.600000","4.487179","4.360000","4.600000"
"Dec 2024","Dumfries & Galloway","4.439716","4.496063","4.375887","4.425532"
"Dec 2024","Dundee City","4.546099","4.516667","4.387324","4.574468"
"Dec 2024","East Ayrshire","4.443709","4.342593","4.368421","4.536424"
"Dec 2024","East Dunbartonshire","4.566434","4.548077","4.489510","4.678322"
"Dec 2024","East Lothian","4.436620","4.283019","4.335664","4.380282"
"Dec 2024","East Renfrewshire","4.720588","4.534091","4.576642","4.757353"
"Dec 2024","Falkirk","4.572864","4.531250","4.396985","4.577889"
"Dec 2024","Fife","4.550459","4.537604","4.383028","4.555046"
"Dec 2024","Glasgow City","4.512019","4.581662","4.473558","4.576923"
"Dec 2024","Highland","4.384848","4.417293","4.257576","4.427273"
"Dec 2024","Inverclyde","4.538462","4.600000","4.507692","4.630769"
"Dec 2024","Midlothian","4.446281","4.500000","4.421488","4.471074"
"Dec 2024","Moray","4.475524","4.355769","4.160839","4.426573"
"Dec 2024","Na h-Eileanan Siar","4.464286","4.560000","4.321429","4.535714"
"Dec 2024","North Ayrshire","4.541667","4.427184","4.375000","4.690476"
"Dec 2024","North Lanarkshire","4.556213","4.563707","4.461538","4.585799"
"Dec 2024","Orkney Islands","4.589744","4.571429","4.410256","4.615385"
"Dec 2024","Perth & Kinross","4.550802","4.600000","4.363636","4.529412"
"Dec 2024","Renfrewshire","4.427632","4.285714","4.236842","4.368421"
"Dec 2024","Scottish Borders","4.489051","4.482456","4.423358","4.496350"
"Dec 2024","Shetland Islands","4.344828","4.481481","4.275862","4.517241"
"Dec 2024","South Ayrshire","4.560748","4.464286","4.476636","4.588785"
"Dec 2024","South Lanarkshire","4.467085","4.426829","4.360502","4.501567"
"Dec 2024","Stirling","4.630631","4.625000","4.441441","4.648649"
"Dec 2024","West Dunbartonshire","4.514706","4.584906","4.514706","4.661765"
"Dec 2024","West Lothian","4.480469","4.366279","4.308594","4.488281"
"Jan 2025","Aberdeen City","4.423423","4.452941","4.345291","4.342342"
"Jan 2025","Aberdeenshire","4.500000","4.508251","4.255435","4.451087"
"Jan 2025","Angus","4.594937","4.598540","4.443038","4.594937"
"Jan 2025","Argyll & Bute","4.357724","4.388350","4.308943","4.463415"
"Jan 2025","City of Edinburgh","4.393162","4.338667","4.271186","4.388889"
"Jan 2025","Clackmannanshire","4.600000","4.487179","4.360000","4.600000"
"Jan 2025","Dumfries & Galloway","4.420290","4.496000","4.376812","4.427536"
"Jan 2025","Dundee City","4.568345","4.537815","4.400000","4.589928"
"Jan 2025","East Ayrshire","4.442953","4.342593","4.353333","4.516779"
"Jan 2025","East Dunbartonshire","4.552448","4.548077","4.475524","4.671329"
"Jan 2025","East Lothian","4.414286","4.266667","4.312057","4.357143"
"Jan 2025","East Renfrewshire","4.686131","4.511111","4.557971","4.722628"
"Jan 2025","Falkirk","4.577889","4.525000","4.402010","4.582915"
"Jan 2025","Fife","4.550926","4.540616","4.391204","4.553241"
"Jan 2025","Glasgow City","4.508434","4.575931","4.474699","4.568675"
"Jan 2025","Highland","4.372372","4.405204","4.240240","4.408408"
"Jan 2025","Inverclyde","4.531250","4.577778","4.500000","4.625000"
"Jan 2025","Midlothian","4.442623","4.484848","4.393443","4.450820"
"Jan 2025","Moray","4.468531","4.355769","4.160839","4.419580"
"Jan 2025","Na h-Eileanan Siar","4.357143","4.576923","4.357143","4.500000"
"Jan 2025","North Ayrshire","4.538922","4.427184","4.365269","4.682635"
"Jan 2025","North Lanarkshire","4.550296","4.555985","4.458580","4.582840"
"Jan 2025","Orkney Islands","4.589744","4.571429","4.410256","4.589744"
"Jan 2025","Perth & Kinross","4.550802","4.605634","4.368984","4.529412"
"Jan 2025","Renfrewshire","4.427632","4.293651","4.230263","4.368421"
"Jan 2025","Scottish Borders","4.481752","4.473684","4.423358","4.481752"
"Jan 2025","Shetland Islands","4.379310","4.518519","4.275862","4.517241"
"Jan 2025","South Ayrshire","4.560748","4.464286","4.467290","4.588785"
"Jan 2025","South Lanarkshire","4.468553","4.436735","4.371069","4.509434"
"Jan 2025","Stirling","4.639640","4.625000","4.441441","4.657658"
"Jan 2025","West Dunbartonshire","4.514706","4.584906","4.514706","4.661765"
"Jan 2025","West Lothian","4.492188","4.379310","4.312500","4.484375"
"Feb 2025","Aberdeen City","4.423423","4.447674","4.345291","4.342342"
"Feb 2025","Aberdeenshire","4.494475","4.519868","4.259669","4.439227"
"Feb 2025","Angus","4.594937","4.598540","4.443038","4.594937"
"Feb 2025","Argyll & Bute","4.360656","4.403846","4.311475","4.467213"
"Feb 2025","City of Edinburgh","4.388412","4.339572","4.263830","4.379828"
"Feb 2025","Clackmannanshire","4.600000","4.487179","4.360000","4.600000"
"Feb 2025","Dumfries & Galloway","4.427536","4.512000","4.398551","4.434783"
"Feb 2025","Dundee City","4.561151","4.537815","4.400000","4.589928"
"Feb 2025","East Ayrshire","4.440000","4.348624","4.357616","4.513333"
"Feb 2025","East Dunbartonshire","4.555556","4.548077","4.472222","4.673611"
"Feb 2025","East Lothian","4.413043","4.285714","4.309353","4.355072"
"Feb 2025","East Renfrewshire","4.700730","4.522222","4.572464","4.729927"
"Feb 2025","Falkirk","4.586735","4.540881","4.418367","4.591837"
"Feb 2025","Fife","4.566125","4.547753","4.401392","4.559165"
"Feb 2025","Glasgow City","4.508475","4.597701","4.484262","4.564165"
"Feb 2025","Highland","4.345345","4.398524","4.216216","4.381381"
"Feb 2025","Inverclyde","4.531250","4.577778","4.500000","4.625000"
"Feb 2025","Midlothian","4.418033","4.474747","4.385246","4.442623"
"Feb 2025","Moray","4.475177","4.355769","4.170213","4.432624"
"Feb 2025","Na h-Eileanan Siar","4.357143","4.576923","4.357143","4.500000"
"Feb 2025","North Ayrshire","4.512048","4.407767","4.349398","4.662651"
"Feb 2025","North Lanarkshire","4.557864","4.555985","4.459941","4.581602"
"Feb 2025","Orkney Islands","4.578947","4.571429","4.421053","4.578947"
"Feb 2025","Perth & Kinross","4.559140","4.624113","4.392473","4.543011"
"Feb 2025","Renfrewshire","4.427632","4.293651","4.230263","4.368421"
"Feb 2025","Scottish Borders","4.481752","4.491228","4.430657","4.474453"
"Feb 2025","Shetland Islands","4.379310","4.518519","4.275862","4.517241"
"Feb 2025","South Ayrshire","4.566038","4.464286","4.452830","4.575472"
"Feb 2025","South Lanarkshire","4.465409","4.434959","4.367925","4.506289"
"Feb 2025","Stirling","4.648649","4.636364","4.450450","4.666667"
"Feb 2025","West Dunbartonshire","4.514706","4.584906","4.500000","4.661765"
"Feb 2025","West Lothian","4.484375","4.384181","4.296875","4.468750"
"Mar 2025","Aberdeen City","4.417040","4.433526","4.321429","4.331839"
"Mar 2025","Aberdeenshire","4.491667","4.531561","4.272222","4.447222"
"Mar 2025","Angus","4.592357","4.632353","4.458599","4.617834"
"Mar 2025","Argyll & Bute","4.360656","4.423077","4.303279","4.459016"
"Mar 2025","City of Edinburgh","4.392704","4.344920","4.266525","4.386266"
"Mar 2025","Clackmannanshire","4.600000","4.512821","4.360000","4.600000"
"Mar 2025","Dumfries & Galloway","4.442029","4.504000","4.405797","4.427536"
"Mar 2025","Dundee City","4.557143","4.528926","4.375887","4.578571"
"Mar 2025","East Ayrshire","4.450331","4.345455","4.361842","4.509934"
"Mar 2025","East Dunbartonshire","4.573427","4.553398","4.475524","4.685315"
"Mar 2025","East Lothian","4.419118","4.298077","4.306569","4.360294"
"Mar 2025","East Renfrewshire","4.688889","4.556818","4.588235","4.733333"
"Mar 2025","Falkirk","4.577320","4.537975","4.422680","4.587629"
"Mar 2025","Fife","4.579070","4.550847","4.406977","4.558140"
"Mar 2025","Glasgow City","4.512136","4.601719","4.487864","4.555825"
"Mar 2025","Highland","4.352410","4.403704","4.219880","4.382530"
"Mar 2025","Inverclyde","4.515625","4.531915","4.468750","4.625000"
"Mar 2025","Midlothian","4.421488","4.474747","4.388430","4.446281"
"Mar 2025","Moray","4.457746","4.371429","4.169014","4.422535"
"Mar 2025","Na h-Eileanan Siar","4.357143","4.576923","4.357143","4.500000"
"Mar 2025","North Ayrshire","4.518072","4.417476","4.355422","4.656627"
"Mar 2025","North Lanarkshire","4.557864","4.559846","4.465875","4.584570"
"Mar 2025","Orkney Islands","4.578947","4.571429","4.421053","4.578947"
"Mar 2025","Perth & Kinross","4.540541","4.588652","4.372973","4.524324"
"Mar 2025","Renfrewshire","4.423841","4.301587","4.245033","4.384106"
"Mar 2025","Scottish Borders","4.481752","4.491228","4.430657","4.474453"
"Mar 2025","Shetland Islands","4.379310","4.518519","4.275862","4.517241"
"Mar 2025","South Ayrshire","4.561905","4.445783","4.457143","4.561905"
"Mar 2025","South Lanarkshire","4.462264","4.429150","4.364780","4.500000"
"Mar 2025","Stirling","4.660550","4.666667","4.458716","4.688073"
"Mar 2025","West Dunbartonshire","4.500000","4.571429","4.485714","4.642857"
"Mar 2025","West Lothian","4.478431","4.388889","4.298039","4.462745"
"Apr 2025","Aberdeen City","4.403587","4.398844","4.308036","4.313901"
"Apr 2025","Aberdeenshire","4.488889","4.530000","4.266667","4.444444"
"Apr 2025","Angus","4.603896","4.642336","4.467532","4.603896"
"Apr 2025","Argyll & Bute","4.364407","4.466019","4.330508","4.483051"
"Apr 2025","City of Edinburgh","4.384120","4.343085","4.266525","4.379828"
"Apr 2025","Clackmannanshire","4.612245","4.538462","4.408163","4.612245"
"Apr 2025","Dumfries & Galloway","4.438849","4.500000","4.395683","4.431655"
"Apr 2025","Dundee City","4.553957","4.528926","4.378571","4.575540"
"Apr 2025","East Ayrshire","4.466216","4.361111","4.382550","4.527027"
"Apr 2025","East Dunbartonshire","4.598592","4.592233","4.500000","4.704225"
"Apr 2025","East Lothian","4.422222","4.298077","4.308824","4.370370"
"Apr 2025","East Renfrewshire","4.676471","4.561798","4.598540","4.720588"
"Apr 2025","Falkirk","4.572165","4.537975","4.422680","4.587629"
"Apr 2025","Fife","4.575406","4.553073","4.403712","4.549884"
"Apr 2025","Glasgow City","4.504902","4.589595","4.480392","4.549020"
"Apr 2025","Highland","4.352410","4.393382","4.210843","4.373494"
"Apr 2025","Inverclyde","4.515625","4.531915","4.468750","4.625000"
"Apr 2025","Midlothian","4.416667","4.474747","4.383333","4.441667"
"Apr 2025","Moray","4.422535","4.349057","4.126761","4.373239"
"Apr 2025","Na h-Eileanan Siar","4.357143","4.576923","4.357143","4.500000"
"Apr 2025","North Ayrshire","4.512048","4.398058","4.343373","4.638554"
"Apr 2025","North Lanarkshire","4.557864","4.548263","4.462908","4.578635"
"Apr 2025","Orkney Islands","4.578947","4.571429","4.447368","4.605263"
"Apr 2025","Perth & Kinross","4.535135","4.588652","4.372973","4.518919"
"Apr 2025","Renfrewshire","4.431373","4.301587","4.248366","4.379085"
"Apr 2025","Scottish Borders","4.474074","4.495575","4.429630","4.474074"
"Apr 2025","Shetland Islands","4.379310","4.518519","4.275862","4.517241"
"Apr 2025","South Ayrshire","4.567308","4.445783","4.451923","4.567308"
"Apr 2025","South Lanarkshire","4.454545","4.423387","4.357367","4.492163"
"Apr 2025","Stirling","4.666667","4.666667","4.453704","4.685185"
"Apr 2025","West Dunbartonshire","4.514286","4.589286","4.500000","4.657143"
"Apr 2025","West Lothian","4.498024","4.402235","4.328063","4.486166"
